{
	"name"			: "df-list",
	"version"		: "1.2.4",
	"title"			: "jQuery Fixed/Floating List Header",
	"author"		: {
		"name"	: "Team DF",
		"email"	: "plugins@teamdf.com",
		"url"	: "http://teamdf.com/"
	},
	"maintainers"	: [
		{
			"name"	: "Sam Sehnert",
			"email"	: "sam@teamdf.com"
		},{
			"name"	: "Phil Taylor",
			"email"	: "phil@teamdf.com"
		},{
			"name"	: "Paul Hutton",
			"email"	: "paul@teamdf.com"
		}
	],
	"description"	: "This plugin allows the user to create a list with floating headings while scrolling, a-la iOS & iCal day view. The plugin allows arbitrary markup of the header and list items, and will work nicely with nested elements.",
	"keywords"		: [
		"list",
		"floating",
		"header",
		"fixed",
		"scroll",
		"ui"
	],
	"homepage"		: "https://github.com/teamdf/jquery-list/",
	"docs"			: "http://opensource.teamdf.com/list/docs/",
	"demo"			: "http://opensource.teamdf.com/list/examples/demo-basic.html",
	"files"			: [
		"jquery.list.js", "jquery.list.min.js"
	],
	"dependencies"	: {
		"jquery" : ">1.6.0"
	},
	"licenses"		: [
		{
		    "type": "MIT",
		    "url": "http://opensource.teamdf.com/license/"
		}
	]
}